index,sequence,camera_timestamp_us,system_recv_timestamp_us,camera_delta_us,system_delta_us,camera_to_system_ratio,target_x,target_y,target_z,error
1,7,10864436062,11243964173,,,,17.634117,-18.879074,291.453604,识别正常(1)
2,8,10864452504,11243984727,16442,20554,0.799942,17.634498,-18.880161,291.451791,识别正常(1)
3,9,10864468871,11244004209,16367,19482,0.840109,17.634413,-18.880276,291.452190,识别正常(1)
4,10,10864484938,11244026941,16067,22732,0.706801,17.634085,-18.882521,291.453686,识别正常(1)
5,11,10864501062,11244035311,16124,8370,1.926404,17.634109,-18.880919,291.453606,识别正常(1)
6,12,10864517713,11244054315,16651,19004,0.876184,17.634045,-18.879774,291.453927,识别正常(1)
7,13,10864534427,11244074273,16714,19958,0.837459,17.634015,-18.879802,291.454069,识别正常(1)
8,14,10864551067,11244084770,16640,10497,1.585215,17.633872,-18.884387,291.454649,识别正常(1)
9,15,10864567732,11244106077,16665,21307,0.782137,17.633970,-18.877593,291.454323,识别正常(1)
10,16,10864584453,11244127239,16721,21162,0.790143,17.634435,-18.880137,291.452090,识别正常(1)
11,17,10864601104,11244135778,16651,8539,1.949994,17.633853,-18.883050,291.454768,识别正常(1)
12,18,10864617719,11244155354,16615,19576,0.848743,17.634060,-18.881732,291.453820,识别正常(1)
13,19,10864634443,11244174481,16724,19127,0.874366,17.634305,-18.882557,291.452653,识别正常(1)
14,20,10864651059,11244184698,16616,10217,1.626309,17.634084,-18.879290,291.453752,识别正常(1)
15,21,10864670608,11244204882,19549,20184,0.968539,17.634506,-18.879057,291.451779,识别正常(1)
16,22,10864686958,11244215283,16350,10401,1.571964,17.634151,-18.879292,291.453440,识别正常(1)
17,23,10864704856,11244237753,17898,22470,0.796529,17.634062,-18.879291,291.453858,识别正常(1)
18,24,10864721947,11244254420,17091,16667,1.025439,17.634530,-18.877056,291.451703,识别正常(1)
19,25,10864738619,11244274286,16672,19866,0.839223,17.633796,-18.881118,291.455073,识别正常(1)
20,26,10864755018,11244284354,16399,10068,1.628824,17.633829,-18.880276,291.454934,识别正常(1)
21,27,10864771824,11244304435,16806,20081,0.836911,17.634652,-18.880181,291.451067,识别正常(1)
22,28,10864788747,11244314861,16923,10426,1.623154,17.633603,-18.876412,291.456069,识别正常(1)
23,29,10864805423,11244334297,16676,19436,0.857995,17.634203,-18.882826,291.453127,识别正常(1)
24,30,10864821783,11244354096,16360,19799,0.826304,17.634063,-18.882755,291.453785,识别正常(1)
25,31,10864838726,11244375887,16943,21791,0.777523,17.634059,-18.878144,291.453894,识别正常(1)
26,32,10864855021,11244385142,16295,9255,1.760670,17.633988,-18.878350,291.454225,识别正常(1)
27,33,10864871851,11244405719,16830,20577,0.817903,17.633989,-18.878667,291.454213,识别正常(1)
28,34,10864888747,11244414930,16896,9211,1.834329,17.633993,-18.880054,291.454169,识别正常(1)
29,35,10864905090,11244435791,16343,20861,0.783424,17.633840,-18.882174,291.454845,识别正常(1)
30,36,10864921772,11244455656,16682,19865,0.839768,17.634255,-18.877520,291.452985,识别正常(1)
31,37,10864938782,11244461721,17010,6065,2.804617,17.633921,-18.880682,291.454491,识别正常(1)
32,38,10864955171,11244485515,16389,23794,0.688787,17.633830,-18.878643,291.454959,识别正常(1)
33,39,10864974714,11244505625,19543,20110,0.971805,17.634128,-18.880869,291.453518,识别正常(1)
34,40,10864992353,11244524314,17639,18689,0.943817,17.634379,-18.881642,291.452322,识别正常(1)
35,41,10865008798,11244545118,16445,20804,0.790473,17.634134,-18.881617,291.453475,识别正常(1)
36,42,10865025171,11244554596,16373,9478,1.727474,17.634198,-18.881196,291.453181,识别正常(1)
37,43,10865041551,11244576141,16380,21545,0.760269,17.634677,-18.878190,291.450990,识别正常(1)
38,44,10865057848,11244583926,16297,7785,2.093385,17.634411,-18.879000,291.452226,识别正常(1)
39,45,10865074401,11244604260,16553,20334,0.814055,17.634290,-18.880852,291.452758,识别正常(1)
40,46,10865090905,11244625172,16504,20912,0.789212,17.634341,-18.877866,291.452575,识别正常(1)
41,47,10865107194,11244636665,16289,11493,1.417297,17.634321,-18.877762,291.452670,识别正常(1)
42,48,10865123740,11244656900,16546,20235,0.817692,17.634071,-18.878541,291.453831,识别正常(1)
43,49,10865140394,11244674110,16654,17210,0.967693,17.633975,-18.882019,291.454214,识别正常(1)
44,50,10865156775,11244685159,16381,11049,1.482578,17.634069,-18.880187,291.453809,识别正常(1)
45,51,10865173625,11244704237,16850,19078,0.883216,17.634106,-18.877505,291.453686,识别正常(1)
46,52,10865190434,11244724290,16809,20053,0.838229,17.634094,-18.877413,291.453741,识别正常(1)
47,53,10865206690,11244734840,16256,10550,1.540853,17.634165,-18.884283,291.453278,识别正常(1)
48,54,10865223672,11244754220,16982,19380,0.876264,17.633651,-18.880395,291.455765,识别正常(1)
49,55,10865240421,11244776652,16749,22432,0.746657,17.634539,-18.879180,291.451620,识别正常(1)
50,56,10865256716,11244783811,16295,7159,2.276156,17.633963,-18.879299,291.454324,识别正常(1)
51,57,10865273574,11244806479,16858,22668,0.743692,17.634018,-18.882686,291.453998,识别正常(1)
52,58,10865290438,11244824009,16864,17530,0.962008,17.634222,-18.879930,291.453096,识别正常(1)
53,59,10865306691,11244834083,16253,10074,1.613361,17.634159,-18.879200,291.453405,识别正常(1)
54,60,10865323658,11244854585,16967,20502,0.827578,17.634612,-18.881042,291.451238,识别正常(1)
55,61,10865340387,11244877209,16729,22624,0.739436,17.634359,-18.882932,291.452390,识别正常(1)
56,62,10865356722,11244884828,16335,7619,2.143982,17.634025,-18.879474,291.454030,识别正常(1)
57,63,10865373683,11244904265,16961,19437,0.872614,17.634696,-18.879277,291.450880,识别正常(1)
58,64,10865390473,11244924627,16790,20362,0.824575,17.634019,-18.878120,291.454084,识别正常(1)
59,65,10865406980,11244934353,16507,9726,1.697203,17.634395,-18.881809,291.452244,识别正常(1)
60,66,10865423729,11244955053,16749,20700,0.809130,17.634093,-18.880699,291.453685,识别正常(1)
61,67,10865440385,11244973920,16656,18867,0.882811,17.634323,-18.878346,291.452650,识别正常(1)
62,68,10865456673,11244985408,16288,11488,1.417827,17.634605,-18.881326,291.451266,识别正常(1)
63,69,10865473657,11245007231,16984,21823,0.778261,17.633946,-18.879764,291.454392,识别正常(1)
64,70,10865490428,11245025101,16771,17870,0.938500,17.634362,-18.878088,291.452474,识别正常(1)
65,71,10865506727,11245034600,16299,9499,1.715865,17.634688,-18.879191,291.450919,识别正常(1)
66,72,10865523653,11245056513,16926,21913,0.772418,17.634061,-18.877986,291.453885,识别正常(1)
67,73,10865540392,11245075998,16739,19485,0.859071,17.634256,-18.881269,291.452909,识别正常(1)
68,74,10865556675,11245085745,16283,9747,1.670565,17.634650,-18.880582,291.451070,识别正常(1)
69,75,10865573621,11245104504,16946,18759,0.903353,17.633863,-18.878228,291.454812,识别正常(1)
70,76,10865590028,11245124899,16407,20395,0.804462,17.634125,-18.881949,291.453511,识别正常(1)
71,77,10865606676,11245134171,16648,9272,1.795513,17.634480,-18.878032,291.451919,识别正常(1)
72,78,10865624254,11245156272,17578,22101,0.795349,17.634522,-18.880646,291.451671,识别正常(1)
73,79,10865640592,11245175284,16338,19012,0.859352,17.634293,-18.877768,291.452803,识别正常(1)
74,80,10865657024,11245184860,16432,9576,1.715957,17.634428,-18.881171,291.452103,识别正常(1)
75,81,10865674122,11245204135,17098,19275,0.887056,17.634294,-18.880594,291.452742,识别正常(1)
76,82,10865691877,11245225341,17755,21206,0.837263,17.634100,-18.880910,291.453645,识别正常(1)
77,83,10865709765,11245244005,17888,18664,0.958423,17.634695,-18.879268,291.450886,识别正常(1)
78,84,10865727392,11245254070,17627,10065,1.751316,17.634315,-18.880941,291.452637,识别正常(1)
79,85,10865744342,11245274354,16950,20284,0.835634,17.634211,-18.879787,291.453149,识别正常(1)
80,86,10865760841,11245294928,16499,20574,0.801934,17.633787,-18.880543,291.455124,识别正常(1)
81,87,10865777534,11245306431,16693,11503,1.451187,17.634217,-18.879779,291.453119,识别正常(1)
82,88,10865794396,11245326698,16862,20267,0.831993,17.634236,-18.879242,291.453042,识别正常(1)
83,89,10865813882,11245344149,19486,17451,1.116612,17.633860,-18.878418,291.454822,识别正常(1)
84,90,10865830779,11245366502,16897,22353,0.755916,17.634592,-18.880743,291.451342,识别正常(1)
85,91,10865847056,11245375981,16277,9479,1.717164,17.634442,-18.878920,291.452078,识别正常(1)
86,92,10865863601,11245396878,16545,20897,0.791740,17.634056,-18.879645,291.453877,识别正常(1)
87,93,10865880264,11245414770,16663,17892,0.931310,17.634317,-18.879751,291.452649,识别正常(1)
88,94,10865896679,11245436192,16415,21422,0.766268,17.634018,-18.879859,291.454052,识别正常(1)
89,95,10865912999,11245454819,16320,18627,0.876148,17.634367,-18.879963,291.452414,识别正常(1)
90,96,10865929328,11245480831,16329,26012,0.627749,17.634359,-18.878864,291.452469,识别正常(1)
91,97,10865946149,11245499104,16821,18273,0.920538,17.633785,-18.880770,291.455128,识别正常(1)
92,98,10865964392,11245504533,18243,5429,3.360287,17.634255,-18.878655,291.452966,识别正常(1)
93,99,10865982383,11245514230,17991,9697,1.855316,17.634541,-18.879522,291.451604,识别正常(1)
94,100,10866004106,11245533758,21723,19528,1.112403,17.634242,-18.877578,291.453045,识别正常(1)
95,101,10866020434,11245555689,16328,21931,0.744517,17.634470,-18.880245,291.451922,识别正常(1)
96,102,10866036966,11245565610,16532,9921,1.666364,17.633991,-18.882348,291.454132,识别正常(1)
97,103,10866055025,11245584804,18059,19194,0.940867,17.634330,-18.878970,291.452605,识别正常(1)
98,104,10866071972,11245606291,16947,21487,0.788709,17.634127,-18.880089,291.453537,识别正常(1)
99,105,10866088602,11245625260,16630,18969,0.876694,17.634295,-18.880341,291.452743,识别正常(1)
100,106,10866105039,11245634688,16437,9428,1.743424,17.634265,-18.879224,291.452906,识别正常(1)
101,107,10866121795,11245655034,16756,20346,0.823553,17.634305,-18.881272,291.452680,识别正常(1)
102,108,10866138892,11245670935,17097,15901,1.075215,17.634538,-18.880668,291.451597,识别正常(1)
103,109,10866155008,11245686866,16116,15931,1.011613,17.634559,-18.879203,291.451525,识别正常(1)
104,110,10866171846,11245704729,16838,17863,0.942619,17.633884,-18.879395,291.454690,识别正常(1)
105,111,10866188782,11245717383,16936,12654,1.338391,17.634165,-18.877669,291.453404,识别正常(1)
106,112,10866206115,11245735202,17333,17819,0.972726,17.634536,-18.878976,291.451638,识别正常(1)
107,113,10866222857,11245754547,16742,19345,0.865443,17.634643,-18.878756,291.451137,识别正常(1)
108,114,10866240486,11245774709,17629,20162,0.874368,17.634173,-18.878406,291.453352,识别正常(1)
109,115,10866257075,11245784693,16589,9984,1.661558,17.634385,-18.881310,291.452303,识别正常(1)
110,116,10866273576,11245806572,16501,21879,0.754194,17.633873,-18.880200,291.454729,识别正常(1)
111,117,10866290053,11245825665,16477,19093,0.862986,17.634095,-18.878445,291.453720,识别正常(1)
112,118,10866306645,11245846440,16592,20775,0.798652,17.634192,-18.881196,291.453212,识别正常(1)
113,119,10866323250,11245854778,16605,8338,1.991485,17.634205,-18.880213,291.453168,识别正常(1)
114,120,10866340859,11245877280,17609,22502,0.782553,17.634383,-18.881257,291.452311,识别正常(1)
115,121,10866357163,11245884813,16304,7533,2.164344,17.634318,-18.882893,291.452587,识别正常(1)
116,122,10866373635,11245905306,16472,20493,0.803787,17.633761,-18.881991,291.455220,识别正常(1)
117,123,10866390478,11245925835,16843,20529,0.820449,17.634862,-18.881982,291.450050,识别正常(1)
118,124,10866407042,11245934978,16564,9143,1.811659,17.633854,-18.879742,291.454824,识别正常(1)
119,125,10866423615,11245955096,16573,20118,0.823790,17.634246,-18.880844,291.452963,识别正常(1)
120,126,10866440390,11245974294,16775,19198,0.873789,17.634014,-18.882222,291.454027,识别正常(1)
121,127,10866456688,11245985272,16298,10978,1.484606,17.634335,-18.880769,291.452548,识别正常(1)
122,128,10866473712,11246005680,17024,20408,0.834183,17.634224,-18.882876,291.453029,识别正常(1)
123,129,10866490450,11246024287,16738,18607,0.899554,17.634516,-18.881520,291.451680,识别正常(1)
124,130,10866506690,11246029048,16240,4761,3.411048,17.634225,-18.881227,291.453057,识别正常(1)
125,131,10866523735,11246056684,17045,27636,0.616768,17.634379,-18.879899,291.452358,识别正常(1)
126,132,10866541586,11246074423,17851,17739,1.006314,17.634230,-18.881235,291.453030,识别正常(1)
127,133,10866559871,11246094460,18285,20037,0.912562,17.634005,-18.882293,291.454067,识别正常(1)
128,134,10866577517,11246106292,17646,11832,1.491379,17.633750,-18.880716,291.455297,识别正常(1)
129,135,10866594365,11246124347,16848,18055,0.933149,17.634317,-18.880394,291.452637,识别正常(1)
130,136,10866610857,11246144338,16492,19991,0.824971,17.633616,-18.879956,291.455941,识别正常(1)
131,137,10866627471,11246154732,16614,10394,1.598422,17.634219,-18.879412,291.453117,识别正常(1)
132,138,10866644387,11246174907,16916,20175,0.838463,17.633784,-18.882182,291.455106,识别正常(1)
133,139,10866663676,11246194127,19289,19220,1.003590,17.633633,-18.877728,291.455904,识别正常(1)
134,140,10866681737,11246216337,18061,22210,0.813192,17.634490,-18.881869,291.451795,识别正常(1)
135,141,10866697960,11246224763,16223,8426,1.925350,17.633413,-18.876586,291.456956,识别正常(1)
136,142,10866714360,11246245821,16400,21058,0.778801,17.634976,-18.883821,291.449475,识别正常(1)
137,143,10866733824,11246264922,19464,19101,1.019004,17.634356,-18.880317,291.452455,识别正常(1)
138,144,10866753208,11246285053,19384,20131,0.962893,17.633927,-18.880755,291.454462,识别正常(1)
139,145,10866771959,11246306069,18751,21016,0.892225,17.634523,-18.882232,291.451636,识别正常(1)
140,146,10866788549,11246325500,16590,19431,0.853790,17.634401,-18.880037,291.452253,识别正常(1)
141,147,10866805147,11246334436,16598,8936,1.857431,17.634487,-18.879639,291.451854,识别正常(1)
142,148,10866821714,11246354378,16567,19942,0.830759,17.634510,-18.881283,291.451717,识别正常(1)
143,149,10866838696,11246364510,16982,10132,1.676076,17.634037,-18.879525,291.453971,识别正常(1)
144,150,10866855095,11246384985,16399,20475,0.800928,17.634236,-18.880989,291.453009,识别正常(1)
145,151,10866871813,11246404924,16718,19939,0.838457,17.634259,-18.880058,291.452916,识别正常(1)
146,152,10866888758,11246415645,16945,10721,1.580543,17.634073,-18.880789,291.453777,识别正常(1)
147,153,10866905081,11246436605,16323,20960,0.778769,17.634392,-18.881187,291.452273,识别正常(1)
148,154,10866921780,11246454999,16699,18394,0.907850,17.634611,-18.881379,291.451236,识别正常(1)
149,155,10866938750,11246474770,16970,19771,0.858328,17.634135,-18.878942,291.453523,识别正常(1)
150,156,10866955072,11246496497,16322,21727,0.751231,17.634104,-18.879790,291.453649,识别正常(1)
151,157,10866974371,11246506072,19299,9575,2.015561,17.634230,-18.880136,291.453051,识别正常(1)
152,158,10866993218,11246524894,18847,18822,1.001328,17.634500,-18.881496,291.451760,识别正常(1)
153,159,10867010765,11246546435,17547,21541,0.814586,17.634028,-18.879732,291.454009,识别正常(1)
154,160,10867028585,11246563972,17820,17537,1.016137,17.634406,-18.880390,291.452221,识别正常(1)
155,161,10867045184,11246584343,16599,20371,0.814835,17.634341,-18.879188,291.452550,识别正常(1)
156,162,10867061755,11246594241,16571,9898,1.674177,17.634120,-18.880887,291.453553,识别正常(1)
157,163,10867082089,11246613912,20334,19671,1.033704,17.633988,-18.880776,291.454174,识别正常(1)
158,164,10867101684,11246635992,19595,22080,0.887455,17.634247,-18.881111,291.452954,识别正常(1)
159,165,10867119029,11246654885,17345,18893,0.918065,17.634262,-18.880962,291.452884,识别正常(1)
160,166,10867135092,11246674577,16063,19692,0.815712,17.634475,-18.881157,291.451884,识别正常(1)
161,167,10867151214,11246685845,16122,11268,1.430777,17.633929,-18.880618,291.454456,识别正常(1)
162,168,10867167766,11246704024,16552,18179,0.910501,17.634112,-18.880676,291.453595,识别正常(1)
163,169,10867184412,11246725386,16646,21362,0.779234,17.633663,-18.880318,291.455710,识别正常(1)
164,170,10867200887,11246744813,16475,19427,0.848047,17.634170,-18.880590,291.453323,识别正常(1)
165,171,10867217063,11246754663,16176,9850,1.642234,17.634505,-18.881424,291.451737,识别正常(1)
166,172,10867233585,11246774258,16522,19595,0.843174,17.634154,-18.881526,291.453383,识别正常(1)
167,173,10867250218,11246784461,16633,10203,1.630207,17.634074,-18.881953,291.453748,识别正常(1)
168,174,10867266695,11246806293,16477,21832,0.754718,17.634214,-18.879960,291.453129,识别正常(1)
169,175,10867282875,11246824892,16180,18599,0.869939,17.634024,-18.880208,291.454018,识别正常(1)
170,176,10867299286,11246834028,16411,9136,1.796300,17.634016,-18.882704,291.454009,识别正常(1)
171,177,10867315506,11246844160,16220,10132,1.600869,17.634412,-18.878674,291.452226,识别正常(1)
172,178,10867331926,11246866406,16420,22246,0.738110,17.634156,-18.881468,291.453374,识别正常(1)
173,179,10867351400,11246886096,19474,19690,0.989030,17.634071,-18.880459,291.453794,识别正常(1)
174,180,10867367728,11246894141,16328,8045,2.029584,17.634254,-18.879674,291.452950,识别正常(1)
175,181,10867384470,11246914209,16742,20068,0.834264,17.634031,-18.883426,291.453924,识别正常(1)
176,182,10867401068,11246934539,16598,20330,0.816429,17.634120,-18.880745,291.453559,识别正常(1)
177,183,10867420572,11246954654,19504,20115,0.969625,17.634187,-18.882186,291.453213,识别正常(1)
178,184,10867436978,11246965900,16406,11246,1.458830,17.634199,-18.882053,291.453163,识别正常(1)
179,185,10867455071,11246985403,18093,19503,0.927703,17.634488,-18.880398,291.451833,识别正常(1)
180,186,10867471956,11247004123,16885,18720,0.901976,17.634356,-18.880862,291.452445,识别正常(1)
181,187,10867488634,11247026428,16678,22305,0.747725,17.634406,-18.880483,291.452218,识别正常(1)
182,188,10867506157,11247034832,17523,8404,2.085079,17.634288,-18.881199,291.452757,识别正常(1)
183,189,10867522770,11247056012,16613,21180,0.784372,17.634326,-18.881223,291.452579,识别正常(1)
184,190,10867539668,11247074551,16898,18539,0.911484,17.634766,-18.880739,291.450522,识别正常(1)
185,191,10867556145,11247084991,16477,10440,1.578257,17.634257,-18.881006,291.452906,识别正常(1)
186,192,10867572756,11247104473,16611,19482,0.852633,17.634707,-18.881560,291.450782,识别正常(1)
187,193,10867589614,11247126533,16858,22060,0.764189,17.634130,-18.878534,291.453552,识别正常(1)
188,194,10867606582,11247137350,16968,10817,1.568642,17.634488,-18.881281,291.451816,识别正常(1)
189,195,10867623627,11247155715,17045,18365,0.928124,17.634417,-18.880171,291.452173,识别正常(1)
190,196,10867640478,11247174521,16851,18806,0.896044,17.634773,-18.882160,291.450465,识别正常(1)
191,197,10867657062,11247185040,16584,10519,1.576576,17.634404,-18.883021,291.452178,识别正常(1)
192,198,10867673628,11247204664,16566,19624,0.844170,17.634604,-18.881030,291.451278,识别正常(1)
193,199,10867690072,11247224619,16444,19955,0.824054,17.634101,-18.880786,291.453645,识别正常(1)
194,200,10867707026,11247234636,16954,10017,1.692523,17.634153,-18.880859,291.453399,识别正常(1)
195,201,10867723681,11247254132,16655,19496,0.854278,17.633853,-18.879435,291.454837,识别正常(1)
196,202,10867740393,11247276236,16712,22104,0.756062,17.634008,-18.879705,291.454101,识别正常(1)
197,203,10867756646,11247280202,16253,3966,4.098084,17.634668,-18.883269,291.450934,识别正常(1)
198,204,10867773645,11247306315,16999,26113,0.650978,17.634294,-18.877601,291.452798,识别正常(1)
199,205,10867790464,11247325827,16819,19512,0.861982,17.634702,-18.881782,291.450801,识别正常(1)
200,206,10867806734,11247334828,16270,9001,1.807577,17.634291,-18.881003,291.452747,识别正常(1)
201,207,10867823634,11247357752,16900,22924,0.737219,17.634107,-18.880943,291.453614,识别正常(1)
202,208,10867840445,11247376270,16811,18518,0.907819,17.634114,-18.881157,291.453577,识别正常(1)
203,209,10867856816,11247387532,16371,11262,1.453649,17.634322,-18.881046,291.452603,识别正常(1)
204,210,10867873614,11247404628,16798,17096,0.982569,17.634028,-18.880350,291.453996,识别正常(1)
205,211,10867890396,11247425223,16782,20595,0.814858,17.634114,-18.880753,291.453585,识别正常(1)
206,212,10867906639,11247434880,16243,9657,1.681992,17.634131,-18.878025,291.453558,识别正常(1)
207,213,10867923625,11247454777,16986,19897,0.853697,17.634176,-18.881245,291.453284,识别正常(1)
208,214,10867940486,11247474758,16861,19981,0.843852,17.634131,-18.879768,291.453525,识别正常(1)
209,215,10867956977,11247486343,16491,11585,1.423479,17.634960,-18.881920,291.449589,识别正常(1)
210,216,10867978304,11247514243,21327,27900,0.764409,17.634082,-18.880679,291.453737,识别正常(1)
211,217,10867995103,11247535025,16799,20782,0.808344,17.634252,-18.880623,291.452941,识别正常(1)
212,218,10868011771,11247558910,16668,23885,0.697844,17.634377,-18.881161,291.452342,识别正常(1)
213,219,10868028444,11247574673,16673,15763,1.057730,17.634326,-18.881227,291.452580,识别正常(1)
214,220,10868045319,11247587116,16875,12443,1.356184,17.634093,-18.881178,291.453677,识别正常(1)
215,221,10868061919,11247592278,16600,5162,3.215808,17.634264,-18.881444,291.452866,识别正常(1)
216,222,10868078569,11247614850,16650,22572,0.737640,17.633828,-18.880801,291.454927,识别正常(1)
217,223,10868095103,11247625404,16534,10554,1.566610,17.634190,-18.880785,291.453229,识别正常(1)
218,224,10868111859,11247649859,16756,24455,0.685177,17.634028,-18.880607,291.453993,识别正常(1)
219,225,10868128509,11247664165,16650,14306,1.163847,17.634467,-18.881397,291.451914,识别正常(1)
220,226,10868145090,11247684529,16581,20364,0.814231,17.634644,-18.882074,291.451071,识别正常(1)
221,227,10868161763,11247694035,16673,9506,1.753945,17.633653,-18.880754,291.455749,识别正常(1)
222,228,10868178479,11247704458,16716,10423,1.603761,17.634086,-18.881288,291.453708,识别正常(1)
223,229,10868195187,11247724224,16708,19766,0.845290,17.633843,-18.881072,291.454852,识别正常(1)
224,230,10868215073,11247744201,19886,19977,0.995445,17.634335,-18.880353,291.452555,识别正常(1)
225,231,10868234604,11247764774,19531,20573,0.949351,17.634121,-18.880934,291.453549,识别正常(1)
226,232,10868253905,11247785518,19301,20744,0.930438,17.634113,-18.880898,291.453587,识别正常(1)
227,233,10868272566,11247805271,18661,19753,0.944717,17.633875,-18.881718,291.454687,识别正常(1)
228,234,10868289603,11247824149,17037,18878,0.902479,17.634125,-18.880865,291.453531,识别正常(1)
229,235,10868306139,11247834274,16536,10125,1.633185,17.633702,-18.880268,291.455531,识别正常(1)
230,236,10868322876,11247854515,16737,20241,0.826886,17.634004,-18.882957,291.454058,识别正常(1)
231,237,10868339611,11247875425,16735,20910,0.800335,17.634243,-18.880418,291.452984,识别正常(1)
232,238,10868356087,11247884435,16476,9010,1.828635,17.634541,-18.880740,291.451579,识别正常(1)
233,239,10868372865,11247901586,16778,17151,0.978252,17.634402,-18.879996,291.452247,识别正常(1)
234,240,10868389596,11247925748,16731,24162,0.692451,17.633993,-18.882493,291.454117,识别正常(1)
235,241,10868406171,11247934132,16575,8384,1.976980,17.634117,-18.880390,291.453578,识别正常(1)
236,242,10868422863,11247954227,16692,20095,0.830654,17.634196,-18.879351,291.453225,识别正常(1)
237,243,10868439623,11247974311,16760,20084,0.834495,17.634126,-18.878497,291.453570,识别正常(1)
238,244,10868456106,11247984900,16483,10589,1.556615,17.633963,-18.881766,291.454276,识别正常(1)
239,245,10868472832,11248006606,16726,21706,0.770570,17.634087,-18.879830,291.453731,识别正常(1)
240,246,10868489613,11248024728,16781,18122,0.926002,17.634143,-18.880619,291.453451,识别正常(1)
241,247,10868506554,11248035309,16941,10581,1.601077,17.634523,-18.881425,291.451653,识别正常(1)
242,248,10868523644,11248054404,17090,19095,0.894999,17.634028,-18.880729,291.453988,识别正常(1)
243,249,10868540381,11248075545,16737,21141,0.791684,17.633860,-18.880078,291.454793,识别正常(1)
244,250,10868556691,11248084943,16310,9398,1.735476,17.634157,-18.880939,291.453377,识别正常(1)
245,251,10868573658,11248105156,16967,20213,0.839410,17.634015,-18.879725,291.454071,识别正常(1)
246,252,10868590418,11248125634,16760,20478,0.818439,17.634422,-18.881358,291.452125,识别正常(1)
247,253,10868606722,11248134659,16304,9025,1.806537,17.634574,-18.880437,291.451432,识别正常(1)
248,254,10868623605,11248154872,16883,20213,0.835255,17.634271,-18.878855,291.452886,识别正常(1)
249,255,10868640445,11248176720,16840,21848,0.770780,17.634274,-18.879191,291.452864,识别正常(1)
250,256,10868656714,11248184792,16269,8072,2.015486,17.634569,-18.880505,291.451453,识别正常(1)
251,257,10868673628,11248208187,16914,23395,0.722975,17.634274,-18.880924,291.452832,识别正常(1)
252,258,10868690401,11248224631,16773,16444,1.020007,17.634426,-18.878500,291.452165,识别正常(1)
253,259,10868706717,11248239097,16316,14466,1.127886,17.634500,-18.879966,291.451789,识别正常(1)
254,260,10868723642,11248255569,16925,16472,1.027501,17.634529,-18.879423,291.451662,识别正常(1)
255,261,10868740399,11248276034,16757,20465,0.818813,17.634534,-18.879633,291.451633,识别正常(1)
256,262,10868756759,11248284674,16360,8640,1.893519,17.634963,-18.882045,291.449572,识别正常(1)
257,263,10868773588,11248307589,16829,22915,0.734410,17.634340,-18.880968,291.452517,识别正常(1)
258,264,10868790431,11248324820,16843,17231,0.977482,17.634424,-18.880239,291.452141,识别正常(1)
259,265,10868806727,11248334902,16296,10082,1.616346,17.634120,-18.880761,291.453558,识别正常(1)
260,266,10868823652,11248354594,16925,19692,0.859486,17.634213,-18.880593,291.453124,识别正常(1)
261,267,10868840439,11248376836,16787,22242,0.754743,17.634389,-18.880052,291.452308,识别正常(1)
262,268,10868857045,11248386015,16606,9179,1.809130,17.633985,-18.881701,291.454173,识别正常(1)
263,269,10868873627,11248404787,16582,18772,0.883337,17.634470,-18.880218,291.451924,识别正常(1)
264,270,10868890464,11248427502,16837,22715,0.741228,17.633914,-18.881697,291.454508,识别正常(1)
265,271,10868907081,11248435743,16617,8241,2.016382,17.634182,-18.880821,291.453262,识别正常(1)
266,272,10868923675,11248455150,16594,19407,0.855052,17.634134,-18.881051,291.453486,识别正常(1)
267,273,10868940428,11248480556,16753,25406,0.659411,17.634211,-18.880715,291.453131,识别正常(1)
268,274,10868956792,11248498166,16364,17610,0.929245,17.634133,-18.882254,291.453467,识别正常(1)
269,275,10868978242,11248508164,21450,9998,2.145429,17.634443,-18.880536,291.452044,识别正常(1)
270,276,10868995196,11248526154,16954,17990,0.942412,17.634357,-18.882322,291.452412,识别正常(1)
271,277,10869011802,11248545449,16606,19295,0.860637,17.634028,-18.884279,291.453919,识别正常(1)
272,278,10869028521,11248566717,16719,21268,0.786111,17.634049,-18.880966,291.453888,识别正常(1)
273,279,10869045130,11248574541,16609,7824,2.122827,17.634512,-18.881838,291.451695,识别正常(1)
274,280,10869061912,11248596846,16782,22305,0.752387,17.634387,-18.880358,291.452311,识别正常(1)
275,281,10869078514,11248615519,16602,18673,0.889091,17.634157,-18.881798,291.453364,识别正常(1)
276,282,10869101711,11248634304,23197,18785,1.234868,17.634622,-18.881564,291.451185,识别正常(1)
277,283,10869119238,11248648964,17527,14660,1.195566,17.633994,-18.881159,291.454143,识别正常(1)
278,284,10869135420,11248665589,16182,16625,0.973353,17.634261,-18.882352,291.452866,识别正常(1)
279,285,10869151674,11248685220,16254,19631,0.827976,17.634144,-18.881442,291.453431,识别正常(1)
280,286,10869168030,11248694177,16356,8957,1.826058,17.634045,-18.880552,291.453912,识别正常(1)
281,287,10869187181,11248715942,19151,21765,0.879899,17.634240,-18.881956,291.452971,识别正常(1)
282,288,10869203662,11248736186,16481,20244,0.814118,17.634043,-18.880624,291.453921,识别正常(1)
283,289,10869223039,11248755057,19377,18871,1.026814,17.634236,-18.882787,291.452974,识别正常(1)
284,290,10869240406,11248774129,17367,19072,0.910602,17.634312,-18.880053,291.452670,识别正常(1)
285,291,10869257154,11248784580,16748,10451,1.602526,17.634160,-18.880518,291.453375,识别正常(1)
286,292,10869273697,11248806715,16543,22135,0.747368,17.634315,-18.881312,291.452630,识别正常(1)
287,293,10869290470,11248824143,16773,17428,0.962417,17.634370,-18.882819,291.452344,识别正常(1)
288,294,10869307039,11248834625,16569,10482,1.580710,17.634302,-18.879963,291.452719,识别正常(1)
289,295,10869323590,11248855648,16551,21023,0.787281,17.634137,-18.879732,291.453496,识别正常(1)
290,296,10869340449,11248876136,16859,20488,0.822872,17.634672,-18.881138,291.450956,识别正常(1)
291,297,10869356671,11248884777,16222,8641,1.877329,17.634118,-18.882265,291.453535,识别正常(1)
292,298,10869373633,11248905252,16962,20475,0.828425,17.634133,-18.880280,291.453506,识别正常(1)
293,299,10869390413,11248924774,16780,19522,0.859543,17.634137,-18.879807,291.453494,识别正常(1)
294,300,10869406703,11248937153,16290,12379,1.315938,17.634083,-18.879242,291.453760,识别正常(1)
295,301,10869423662,11248954091,16959,16938,1.001240,17.634043,-18.882318,291.453886,识别正常(1)
296,302,10869441649,11248975409,17987,21318,0.843747,17.634625,-18.880080,291.451200,识别正常(1)
